{
    "rows count": 12628,
    "columns count": 89,
    "entries count": 1123892,
    "count per column": {
        "sample_id": 12628,
        "channel": 12628,
        "unit": 12628,
        "geo_mean": 12627,
        "geo_std": 12627,
        "n_events_removed": 12628,
        "n_events": 12628,
        "n_events_used": 12628,
        "n_events_outofrange": 12628,
        "bin_-0.9499999999999998": 12628,
        "bin_-0.8500000000000001": 12628,
        "bin_-0.7499999999999999": 12628,
        "bin_-0.6499999999999998": 12628,
        "bin_-0.5499999999999999": 12628,
        "bin_-0.4499999999999999": 12628,
        "bin_-0.34999999999999987": 12628,
        "bin_-0.24999999999999992": 12628,
        "bin_-0.15": 12628,
        "bin_-0.04999999999999998": 12628,
        "bin_0.050000000000000044": 12628,
        "bin_0.15000000000000013": 12628,
        "bin_0.25": 12628,
        "bin_0.35000000000000003": 12628,
        "bin_0.45": 12628,
        "bin_0.5499999999999999": 12628,
        "bin_0.6500000000000001": 12628,
        "bin_0.75": 12628,
        "bin_0.85": 12628,
        "bin_0.9500000000000001": 12628,
        "bin_1.05": 12628,
        "bin_1.15": 12628,
        "bin_1.25": 12628,
        "bin_1.3500000000000003": 12628,
        "bin_1.45": 12628,
        "bin_1.5499999999999998": 12628,
        "bin_1.65": 12628,
        "bin_1.75": 12628,
        "bin_1.8500000000000003": 12628,
        "bin_1.9499999999999997": 12628,
        "bin_2.05": 12628,
        "bin_2.1500000000000004": 12628,
        "bin_2.2499999999999996": 12628,
        "bin_2.3500000000000005": 12628,
        "bin_2.45": 12628,
        "bin_2.5499999999999994": 12628,
        "bin_2.65": 12628,
        "bin_2.7499999999999996": 12628,
        "bin_2.85": 12628,
        "bin_2.9499999999999997": 12628,
        "bin_3.05": 12628,
        "bin_3.1500000000000004": 12628,
        "bin_3.2499999999999996": 12628,
        "bin_3.3499999999999996": 12628,
        "bin_3.4499999999999997": 12628,
        "bin_3.5499999999999994": 12628,
        "bin_3.65": 12628,
        "bin_3.7500000000000004": 12628,
        "bin_3.8499999999999996": 12628,
        "bin_3.9499999999999993": 12628,
        "bin_4.050000000000001": 12628,
        "bin_4.15": 12628,
        "bin_4.25": 12628,
        "bin_4.35": 12628,
        "bin_4.449999999999999": 12628,
        "bin_4.55": 12628,
        "bin_4.6499999999999995": 12628,
        "bin_4.75": 12628,
        "bin_4.8500000000000005": 12628,
        "bin_4.95": 12628,
        "bin_5.05": 12628,
        "bin_5.1499999999999995": 12628,
        "bin_5.249999999999999": 12628,
        "bin_5.35": 12628,
        "bin_5.45": 12628,
        "bin_5.550000000000001": 12628,
        "bin_5.65": 12628,
        "bin_5.749999999999999": 12628,
        "bin_5.85": 12628,
        "bin_5.949999999999999": 12628,
        "bin_6.05": 12628,
        "bin_6.15": 12628,
        "bin_6.25": 12628,
        "bin_6.35": 12628,
        "bin_6.449999999999999": 12628,
        "bin_6.55": 12628,
        "bin_6.6499999999999995": 12628,
        "bin_6.749999999999999": 12628,
        "bin_6.8500000000000005": 12628,
        "bin_6.95": 12628
    },
    "count unique per column (include NA)": {
        "sample_id": 1804,
        "channel": 7,
        "unit": 3,
        "geo_mean": 12619,
        "geo_std": 12628,
        "n_events_removed": 1688,
        "n_events": 1700,
        "n_events_used": 5951,
        "n_events_outofrange": 3788,
        "bin_-0.9499999999999998": 1,
        "bin_-0.8500000000000001": 1,
        "bin_-0.7499999999999999": 1,
        "bin_-0.6499999999999998": 1,
        "bin_-0.5499999999999999": 1,
        "bin_-0.4499999999999999": 1,
        "bin_-0.34999999999999987": 1,
        "bin_-0.24999999999999992": 1,
        "bin_-0.15": 1,
        "bin_-0.04999999999999998": 1,
        "bin_0.050000000000000044": 13,
        "bin_0.15000000000000013": 75,
        "bin_0.25": 434,
        "bin_0.35000000000000003": 710,
        "bin_0.45": 1185,
        "bin_0.5499999999999999": 1306,
        "bin_0.6500000000000001": 1409,
        "bin_0.75": 1480,
        "bin_0.85": 1571,
        "bin_0.9500000000000001": 1709,
        "bin_1.05": 1455,
        "bin_1.15": 1254,
        "bin_1.25": 1465,
        "bin_1.3500000000000003": 1714,
        "bin_1.45": 1536,
        "bin_1.5499999999999998": 1614,
        "bin_1.65": 1772,
        "bin_1.75": 1659,
        "bin_1.8500000000000003": 1727,
        "bin_1.9499999999999997": 1732,
        "bin_2.05": 1591,
        "bin_2.1500000000000004": 1465,
        "bin_2.2499999999999996": 1297,
        "bin_2.3500000000000005": 1202,
        "bin_2.45": 1093,
        "bin_2.5499999999999994": 999,
        "bin_2.65": 862,
        "bin_2.7499999999999996": 696,
        "bin_2.85": 522,
        "bin_2.9499999999999997": 363,
        "bin_3.05": 232,
        "bin_3.1500000000000004": 148,
        "bin_3.2499999999999996": 111,
        "bin_3.3499999999999996": 1547,
        "bin_3.4499999999999997": 1503,
        "bin_3.5499999999999994": 1443,
        "bin_3.65": 1404,
        "bin_3.7500000000000004": 1307,
        "bin_3.8499999999999996": 1333,
        "bin_3.9499999999999993": 1306,
        "bin_4.050000000000001": 1580,
        "bin_4.15": 2140,
        "bin_4.25": 2549,
        "bin_4.35": 2575,
        "bin_4.449999999999999": 2137,
        "bin_4.55": 1981,
        "bin_4.6499999999999995": 1894,
        "bin_4.75": 1696,
        "bin_4.8500000000000005": 1538,
        "bin_4.95": 1448,
        "bin_5.05": 1413,
        "bin_5.1499999999999995": 1308,
        "bin_5.249999999999999": 1213,
        "bin_5.35": 1098,
        "bin_5.45": 944,
        "bin_5.550000000000001": 728,
        "bin_5.65": 516,
        "bin_5.749999999999999": 120,
        "bin_5.85": 1,
        "bin_5.949999999999999": 1,
        "bin_6.05": 1,
        "bin_6.15": 1,
        "bin_6.25": 1,
        "bin_6.35": 1,
        "bin_6.449999999999999": 1,
        "bin_6.55": 1,
        "bin_6.6499999999999995": 1,
        "bin_6.749999999999999": 1,
        "bin_6.8500000000000005": 1,
        "bin_6.95": 1
    },
    "count unique per column (exclude NA)": {
        "sample_id": 1804,
        "channel": 7,
        "unit": 3,
        "geo_mean": 12618,
        "geo_std": 12627,
        "n_events_removed": 1688,
        "n_events": 1700,
        "n_events_used": 5951,
        "n_events_outofrange": 3788,
        "bin_-0.9499999999999998": 1,
        "bin_-0.8500000000000001": 1,
        "bin_-0.7499999999999999": 1,
        "bin_-0.6499999999999998": 1,
        "bin_-0.5499999999999999": 1,
        "bin_-0.4499999999999999": 1,
        "bin_-0.34999999999999987": 1,
        "bin_-0.24999999999999992": 1,
        "bin_-0.15": 1,
        "bin_-0.04999999999999998": 1,
        "bin_0.050000000000000044": 13,
        "bin_0.15000000000000013": 75,
        "bin_0.25": 434,
        "bin_0.35000000000000003": 710,
        "bin_0.45": 1185,
        "bin_0.5499999999999999": 1306,
        "bin_0.6500000000000001": 1409,
        "bin_0.75": 1480,
        "bin_0.85": 1571,
        "bin_0.9500000000000001": 1709,
        "bin_1.05": 1455,
        "bin_1.15": 1254,
        "bin_1.25": 1465,
        "bin_1.3500000000000003": 1714,
        "bin_1.45": 1536,
        "bin_1.5499999999999998": 1614,
        "bin_1.65": 1772,
        "bin_1.75": 1659,
        "bin_1.8500000000000003": 1727,
        "bin_1.9499999999999997": 1732,
        "bin_2.05": 1591,
        "bin_2.1500000000000004": 1465,
        "bin_2.2499999999999996": 1297,
        "bin_2.3500000000000005": 1202,
        "bin_2.45": 1093,
        "bin_2.5499999999999994": 999,
        "bin_2.65": 862,
        "bin_2.7499999999999996": 696,
        "bin_2.85": 522,
        "bin_2.9499999999999997": 363,
        "bin_3.05": 232,
        "bin_3.1500000000000004": 148,
        "bin_3.2499999999999996": 111,
        "bin_3.3499999999999996": 1547,
        "bin_3.4499999999999997": 1503,